,date,salary_index,value_12m_change,property_index,salary,salary_yearly,property,finance_index
0,1989-01-01,100.0,,7.2857,84114.47532144337,1009373.7038573205,6533372.282608695,6.472699117919776
1,1989-02-01,100.6,,7.0544,84619.16217337204,1015429.9460804644,6325956.52173913,6.229830571923915
2,1989-03-01,101.3,,7.3241,85207.96350062214,1022495.5620074656,6567807.065217391,6.423311072688486
3,1989-04-01,102.6,,7.4491,86301.4516798009,1035617.4201576108,6679899.456521738,6.45016134964698
4,1989-05-01,105.7,,7.7821,88909.00041476566,1066908.0049771878,6978513.5869565215,6.5408765839241525
5,1989-06-01,106.3,,7.7826,89413.68726669431,1072964.2472003317,6978961.956521739,6.504375122220365
6,1989-07-01,106.8,,7.8637,89834.25964330153,1078011.1157196183,7051687.499999999,6.541386630593969
7,1989-08-01,107.0,,7.8904,90002.4885939444,1080029.8631273329,7075630.4347826075,6.551328510763973
8,1989-09-01,110.1,,7.8202,92610.03732890915,1111320.4479469098,7012679.347826086,6.310222547224378
9,1989-10-01,110.3,,7.9878,92778.26627955204,1113339.1953546247,7162972.826086955,6.43377405194594
10,1989-11-01,112.7,,8.0218,94797.01368726669,1137564.1642472004,7193461.956521739,6.323565898616469
11,1989-12-01,112.7,,8.1914,94797.01368726669,1137564.1642472004,7345548.913043478,6.457261176036168
12,1990-01-01,113.3,0.133,8.2793,95301.70053919534,1143620.4064703442,7424372.282608694,6.491990034983011
13,1990-02-01,114.7,0.1401590457256463,8.4677,96479.30319369555,1157751.6383243466,7593317.934782608,6.558676043657063
14,1990-03-01,114.7,0.13228035538005933,8.5972,96479.30319369555,1157751.6383243466,7709445.652173913,6.658980559364231
15,1990-04-01,114.7,0.11793372319688111,8.6283,96479.30319369555,1157751.6383243466,7737334.239130434,6.683069134178847
16,1990-05-01,115.0,0.08798486281929985,8.6645,96731.64661965988,1160779.7594359186,7769796.195652173,6.693600687375794
17,1990-06-01,116.6,0.09689557855126996,8.7528,98077.47822480297,1176929.7386976355,7848978.2608695645,6.669028747251362
18,1990-07-01,116.9,0.09456928838951328,8.7496,98329.8216507673,1179957.8598092077,7846108.695652172,6.649482123811474
19,1990-08-01,116.9,0.09252336448598131,8.7916,98329.8216507673,1179957.8598092077,7883771.7391304355,6.6814010971588385
20,1990-09-01,116.6,0.05903723887375123,8.8656,98077.47822480297,1176929.7386976355,7950130.434782609,6.754974552329733
21,1990-10-01,116.9,0.059836808703535915,9.0972,98329.8216507673,1179957.8598092077,8157815.217391304,6.913649627038693
22,1990-11-01,117.0,0.03815439219165917,9.226,98413.93612608875,1180967.2335130651,8273315.217391304,7.005541714125615
23,1990-12-01,120.1,0.06566104702750652,9.1652,101021.4848610535,1212257.8183326419,8218793.478260868,6.779740541962537
24,1991-01-01,120.2,0.06090026478375998,9.23,101105.59933637494,1213267.1920364993,8276902.173913043,6.821994551768977
25,1991-02-01,120.3,0.048823016564951915,9.2567,101189.71381169638,1214276.5657403565,8300845.108695652,6.836041592908898
26,1991-03-01,123.7,0.07846556233653001,9.4969,104049.60597262546,1248595.2716715056,8516241.847826088,6.820658415937551
27,1991-04-01,123.7,0.07846556233653001,9.5729,104049.60597262546,1248595.2716715056,8584394.021739129,6.875241494585451
28,1991-05-01,123.7,0.07565217391304357,9.6762,104049.60597262546,1248595.2716715056,8677027.173913043,6.949431389642402
29,1991-06-01,127.0,0.08919382504288165,9.8142,106825.38365823308,1281904.603898797,8800777.173913043,6.865391657964466
30,1991-07-01,129.2,0.10521813515825484,9.8675,108675.90211530484,1304110.825383658,8848573.369565217,6.785139113435427
31,1991-08-01,129.2,0.10521813515825484,9.9954,108675.90211530484,1304110.825383658,8963266.304347826,6.87308634349455
32,1991-09-01,129.3,0.10891938250428823,9.9225,108760.0165906263,1305120.1990875155,8897894.021739129,6.817681641859622
33,1991-10-01,127.8,0.09324208725406313,9.9243,107498.29946080463,1289979.5935296556,8899508.152173912,6.898952663137085
34,1991-11-01,127.8,0.0923076923076922,9.8094,107498.29946080463,1289979.5935296556,8796472.826086955,6.819079053815072
35,1991-12-01,127.8,0.06411323896752719,9.9299,107498.29946080463,1289979.5935296556,8904529.891304346,6.90284554574982
36,1992-01-01,127.8,0.06322795341098164,9.9096,107498.29946080463,1289979.5935296556,8886326.08695652,6.8887338462786545
37,1992-02-01,127.8,0.06234413965087282,10.1197,107498.29946080463,1289979.5935296556,9074730.97826087,7.034786460017166
38,1992-03-01,128.1,0.035569927243330524,10.1703,107750.64288676895,1293007.7146412274,9120105.97826087,7.053404148320521
39,1992-04-01,128.1,0.035569927243330524,10.1456,107750.64288676895,1293007.7146412274,9097956.521739129,7.0362739670610175
40,1992-05-01,130.0,0.05092966855295056,10.183,109348.81791787638,1312185.8150145165,9131494.56521739,6.9589950300723
41,1992-06-01,130.1,0.024409448818897506,10.1085,109432.93239319783,1313195.188718374,9064687.499999998,6.902772396574778
42,1992-07-01,130.2,0.007739938080495445,10.2887,109517.04686851926,1314204.562422231,9226279.891304348,7.020429052764241
43,1992-08-01,130.2,0.007739938080495445,10.2148,109517.04686851926,1314204.562422231,9160010.869565217,6.97000385745295
44,1992-09-01,130.3,0.007733952049497228,10.2416,109601.16134384072,1315213.9361260887,9184043.47826087,6.98292743560193
45,1992-10-01,130.4,0.020344287949921824,10.2653,109685.27581916217,1316223.3098299461,9205296.195652172,6.993719171286733
46,1992-11-01,130.4,0.020344287949921824,10.2712,109685.27581916217,1316223.3098299461,9210586.956521738,6.997738824205849
47,1992-12-01,130.7,0.022691705790297334,10.2536,109937.61924512648,1319251.4309415177,9194804.347826088,6.969713378490694
48,1993-01-01,130.7,0.022691705790297334,10.07,109937.61924512648,1319251.4309415177,9030163.043478262,6.844914344366982
49,1993-02-01,130.8,0.023474178403755985,10.3011,110021.73372044794,1320260.8046453753,9237399.456521738,6.996647498751523
50,1993-03-01,131.1,0.023419203747072626,10.263,110274.07714641227,1323288.9257569471,9203233.695652172,6.954818042014326
51,1993-04-01,131.1,0.023419203747072626,10.2952,110274.07714641227,1323288.9257569471,9232108.695652172,6.976638673501499
52,1993-05-01,131.2,0.009230769230769154,10.172,110358.1916217337,1324298.2994608043,9121630.43478261,6.88789711388781
53,1993-06-01,131.3,0.009223674096848766,10.2913,110442.30609705516,1325307.673164662,9228611.413043479,6.963372807618896
54,1993-07-01,131.3,0.0084485407066055,10.3019,110442.30609705516,1325307.673164662,9238116.847826086,6.970545055222284
55,1993-08-01,131.3,0.0084485407066055,10.0815,110442.30609705516,1325307.673164662,9040475.54347826,6.821416435242378
56,1993-09-01,131.5,0.009209516500383597,9.9436,110610.53504769804,1327326.4205723763,8916815.217391305,6.717876687443734
57,1993-10-01,131.5,0.008435582822085896,9.9246,110610.53504769804,1327326.4205723763,8899777.173913043,6.705040324651442
58,1993-11-01,131.8,0.010736196319018454,10.0141,110862.87847366238,1330354.5416839486,8980035.326086955,6.750106866038975
59,1993-12-01,131.9,0.009181331293037553,10.0241,110946.99294898383,1331363.915387806,8989002.717391305,6.751724763978559
60,1994-01-01,131.9,0.009181331293037553,10.0241,110946.99294898383,1331363.915387806,8989002.717391305,6.751724763978559
61,1994-02-01,132.0,0.00917431192660545,9.994,111031.10742430526,1332373.289091663,8962010.869565217,6.726351348333477
62,1994-03-01,132.1,0.0076277650648359785,10.2245,111115.22189962669,1333382.6627955204,9168709.239130436,6.876277527043633
63,1994-04-01,132.2,0.008390541571319465,10.1043,111199.33637494814,1334392.0364993776,9060921.195652174,6.790299213282513
64,1994-05-01,132.2,0.007621951219512146,10.004,111199.33637494814,1334392.0364993776,8970978.260869564,6.722895532563191
65,1994-06-01,133.1,0.01370906321401355,10.2145,111956.36665284113,1343476.3998340936,9159741.847826086,6.817940269704199
66,1994-07-01,133.1,0.01370906321401355,10.1243,111956.36665284113,1343476.3998340936,9078855.97826087,6.757733875624477
67,1994-08-01,133.2,0.014470677837014279,9.9539,112040.48112816257,1344485.7735379508,8926051.630434783,6.63900786911735
68,1994-09-01,133.3,0.013688212927756682,9.9238,112124.59560348403,1345495.1472418085,8899059.782608695,6.6139664649488195
69,1994-10-01,133.6,0.015969581749049278,9.8837,112376.93902944835,1348523.2683533803,8863100.54347826,6.572449101527617
70,1994-11-01,133.7,0.014415781487101542,9.8737,112461.05350476978,1349532.6420572372,8854133.15217391,6.560888470749849
71,1994-12-01,133.8,0.014404852160727843,9.9639,112545.16798009125,1350542.015761095,8935019.021739129,6.615876379605871
72,1995-01-01,133.9,0.015163002274450443,9.6732,112629.28245541269,1351551.3894649523,8674336.956521736,6.418059294035208
73,1995-02-01,134.8,0.021212121212121238,9.6231,113386.31273330568,1360635.7527996681,8629410.326086957,6.342189897870117
74,1995-03-01,136.6,0.034065102195306673,9.7634,114900.37328909164,1378804.4794690998,8755222.826086955,6.349865377183936
75,1995-04-01,137.3,0.03857791225416052,9.8536,115489.17461634177,1385870.0953961012,8836108.695652174,6.375856384379727
76,1995-05-01,138.8,0.04992435703479603,9.563,116750.89174616341,1401010.700953961,8575516.304347826,6.120949896034826
77,1995-06-01,139.6,0.04883546205860245,9.7434,117423.80754873494,1409085.6905848193,8737288.04347826,6.200678994796962
78,1995-07-01,139.7,0.04958677685950419,9.6131,117507.92202405639,1410095.0642886767,8620442.934782607,6.113377142505775
79,1995-08-01,140.3,0.05330330330330346,9.603,118012.60887598507,1416151.3065118208,8611385.869565217,6.080837428859398
80,1995-09-01,140.8,0.05626406601650413,9.7434,118433.18125259229,1421198.1750311074,8737288.04347826,6.147832298818577
81,1995-10-01,141.2,0.05688622754491024,9.6732,118769.63915387804,1425235.6698465366,8674336.956521736,6.086247446680697
82,1995-11-01,141.5,0.05833956619296932,9.6832,119021.98257984238,1428263.7909581086,8683304.347826086,6.079622267817311
83,1995-12-01,141.8,0.05979073243647237,9.4026,119274.32600580671,1431291.9120696806,8431679.347826086,5.890957167244581
84,1996-01-01,146.7,0.09559372666168775,9.4828,123395.93529655742,1480751.223558689,8503597.826086955,5.742759277044702
85,1996-02-01,146.9,0.08976261127596441,9.563,123564.16424720033,1482769.9709664038,8575516.304347826,5.783443468819836
86,1996-03-01,147.4,0.07906295754026371,9.5429,123984.73662380755,1487816.8394856905,8557491.847826086,5.751710573987216
87,1996-04-01,147.4,0.0735615440640931,9.6331,123984.73662380755,1487816.8394856905,8638377.717391305,5.806076049238309
88,1996-05-01,147.8,0.06484149855907773,9.6131,124321.19452509332,1491854.33430112,8620442.934782607,5.778340912097812
89,1996-06-01,147.9,0.05945558739255019,9.7233,124405.30900041475,1492863.708004977,8719263.58695652,5.84062934895022
90,1996-07-01,147.9,0.05869720830350755,9.8035,124405.30900041475,1492863.708004977,8791182.06521739,5.8888041942996185
91,1996-08-01,147.9,0.0541696364932287,9.9238,124405.30900041475,1492863.708004977,8899059.782608695,5.961066462323717
92,1996-09-01,148.0,0.051136363636363535,9.6431,124489.4234757362,1493873.0817088345,8647345.108695652,5.788540682990281
93,1996-10-01,148.2,0.049575070821529676,9.7133,124657.65242637908,1495891.8291165489,8710296.195652174,5.8228115336363215
94,1996-11-01,148.2,0.047349823321554796,9.6231,124657.65242637908,1495891.8291165489,8629410.326086957,5.768739529236788
95,1996-12-01,148.7,0.048660084626233946,9.8436,125078.2248029863,1500938.6976358355,8827141.304347826,5.881080498658385
96,1997-01-01,148.8,0.014314928425358087,9.6431,125162.33927830776,1501948.0713396932,8647345.108695652,5.757419496522591
97,1997-02-01,148.9,0.013614703880190593,9.7534,125246.45375362919,1502957.4450435503,8746255.434782607,5.819363325040232
98,1997-03-01,149.5,0.014246947082767969,9.7534,125751.14060555784,1509013.6872666941,8746255.434782607,5.79600802072569
99,1997-04-01,154.1,0.045454545454545414,9.984,129620.40647034424,1555444.877644131,8953043.47826087,5.7559374857571965
100,1997-05-01,156.7,0.06021650879566964,9.9138,131807.38282870175,1581688.593944421,8890092.391304346,5.620633812079405
101,1997-06-01,157.1,0.06220419202163607,9.9338,132143.84072998754,1585726.0887598505,8908027.173913043,5.61763298028334
102,1997-07-01,157.9,0.06761325219743064,9.9038,132816.75653255908,1593801.0783907091,8881125.0,5.57229200081069
103,1997-08-01,158.0,0.06828938471940504,9.8837,132900.87100788055,1594810.4520945665,8863100.54347826,5.55746329091196
104,1997-09-01,158.5,0.07094594594594605,9.8336,133321.44338448776,1599857.3206138532,8818173.913043479,5.5118502127802325
105,1997-10-01,159.3,0.07489878542510131,10.014,133994.3591870593,1607932.3102447116,8979945.65217391,5.584778410732508
106,1997-11-01,159.8,0.07827260458839413,10.0241,134414.93156366653,1612979.1787639982,8989002.717391305,5.572919251369036
107,1997-12-01,160.7,0.08069939475453936,10.0241,135171.9618415595,1622063.542098714,8989002.717391305,5.541708129239403
108,1998-01-01,167.9,0.1283602150537635,10.0942,141228.20406470343,1694738.4487764412,9051864.130434783,5.341157000934276
109,1998-02-01,168.4,0.13096037609133648,10.2747,141648.77644131065,1699785.3172957278,9213725.54347826,5.420523080018617
110,1998-03-01,168.7,0.1284280936454849,10.3549,141901.11986727497,1702813.4384072996,9285644.021739129,5.453118828110914
111,1998-04-01,169.2,0.09798831927319918,10.4451,142321.6922438822,1707860.3069265862,9366529.891304346,5.4843653507938654
112,1998-05-01,169.4,0.08104658583280155,10.4852,142489.9211945251,1709879.054334301,9402489.130434783,5.49892058540679
113,1998-06-01,169.9,0.08147676639083401,10.5253,142910.4935711323,1714925.9228535877,9438448.369565217,5.503706162339601
114,1998-07-01,170.4,0.07916402786573773,10.5253,143331.06594773952,1719972.7913728743,9438448.369565217,5.487556789797524
115,1998-08-01,171.4,0.08481012658227849,10.5654,144172.21070095396,1730066.5284114475,9474407.608695652,5.4763255939036535
116,1998-09-01,171.7,0.08328075709779181,10.836,144424.55412691826,1733094.649523019,9717065.217391305,5.606771228602908
117,1998-10-01,172.1,0.08035153797865657,10.7358,144761.01202820404,1737132.1443384485,9627211.956521736,5.542014744185201
118,1998-11-01,172.5,0.07947434292866085,10.6656,145097.46992948983,1741169.639153878,9564260.869565217,5.4930092131706205
119,1998-12-01,173.3,0.07840696950840087,10.816,145770.38573206138,1749244.6287847366,9699130.43478261,5.544753589737157
120,1999-01-01,180.4,0.07444907683144719,11.1067,151742.51347988387,1820910.1617586063,9959812.499999998,5.469689119852552
121,1999-02-01,180.9,0.07422802850356303,11.2269,152163.08585649106,1825957.0302778927,10067600.543478262,5.5136021146927385
122,1999-03-01,181.2,0.07409602845287488,11.5477,152415.42928245538,1828985.1513894647,10355274.456521738,5.661759718855521
123,1999-04-01,181.4,0.07210401891252971,11.6881,152583.65823309828,1831003.8987971793,10481176.630434781,5.7242787070634105
124,1999-05-01,181.6,0.0720188902007084,11.9587,152751.88718374117,1833022.646204894,10723834.239130434,5.850355565073434
125,1999-06-01,181.8,0.07004120070629782,12.1893,152920.11613438406,1835041.3936126088,10930622.282608695,5.956608020209179
126,1999-07-01,182.0,0.068075117370892,12.5401,153088.34508502696,1837060.1410203236,11245198.369565217,6.121301158556251
127,1999-08-01,182.2,0.06301050175029155,12.6504,153256.57403566982,1839078.888428038,11344108.695652172,6.168364373617821
128,1999-09-01,182.5,0.06290040768782768,12.7606,153508.91746163415,1842107.0095396098,11442929.347826086,6.211870042601906
129,1999-10-01,182.9,0.06275421266705417,12.8508,153845.37536291993,1846144.5043550392,11523815.217391305,6.24209816198392
130,1999-11-01,183.5,0.06376811594202891,13.0313,154350.06221484859,1852200.746578183,11685676.630434781,6.309076730491167
131,1999-12-01,184.0,0.06174264281592601,13.2117,154770.6345914558,1857247.6150974697,11847448.369565217,6.379035446462778
132,2000-01-01,186.9,0.0360310421286032,13.322,157209.95437577768,1886519.4525093322,11946358.695652172,6.332486357223542
133,2000-02-01,189.3,0.046434494195688236,13.9535,159228.70178349232,1910744.4214019077,12512649.456521736,6.54857306731857
134,2000-03-01,189.6,0.04635761589403975,13.9535,159481.04520945664,1913772.5425134797,12512649.456521736,6.538211401072813
135,2000-04-01,191.1,0.05347298787210586,14.0437,160742.7623392783,1928913.1480713396,12593535.326086955,6.528824451572037
136,2000-05-01,194.5,0.07103524229074898,14.1239,163602.65450020737,1963231.8540024883,12665453.804347826,6.451328598059602
137,2000-06-01,195.7,0.07645764576457625,14.2642,164612.02820406467,1975344.338448776,12791266.304347826,6.475461546310816
138,2000-07-01,196.4,0.07912087912087906,14.4046,165200.82953131478,1982409.9543757774,12917168.47826087,6.5158916548763175
139,2000-08-01,196.6,0.07903402854006591,14.575,165369.05848195768,1984428.7017834922,13069972.826086953,6.586264759394178
140,2000-09-01,196.8,0.07835616438356174,14.6451,165537.28743260057,1986447.4491912068,13132834.239130434,6.611216543622908
141,2000-10-01,197.2,0.07818480043739728,14.575,165873.74533388633,1990484.9440066358,13069972.826086953,6.56622541428446
142,2000-11-01,197.4,0.07574931880109004,14.9459,166041.97428452922,1992503.6914143506,13402573.369565217,6.726498639534057
143,2000-12-01,198.0,0.07608695652173902,14.9759,166546.66113645787,1998559.9336374945,13429475.54347826,6.719576089487513
144,2001-01-01,204.2,0.09256286784376666,14.8356,171761.75860638736,2061141.1032766483,13303663.04347826,6.454513483976953
145,2001-02-01,204.8,0.08188061278394088,15.3368,172266.44545831604,2067197.3454997926,13753108.695652172,6.65302165058994
146,2001-03-01,207.0,0.09177215189873422,15.2867,174116.96391538778,2089403.5669846535,13708182.065217389,6.560811076340081
147,2001-04-01,208.7,0.09209837781266339,15.4671,175546.90999585233,2106562.919950228,13869953.804347826,6.584163080529079
148,2001-05-01,210.0,0.07969151670951158,15.0261,176640.3981750311,2119684.778100373,13474491.847826086,6.356837576529518
149,2001-06-01,211.7,0.08175779253960136,15.3368,178070.3442554956,2136844.1310659475,13753108.695652172,6.436177770622673
150,2001-07-01,212.4,0.08146639511201625,15.2666,178659.14558274572,2143909.7469929485,13690157.608695652,6.385603511480598
151,2001-08-01,213.9,0.08799593082400814,15.016,179920.86271256738,2159050.3525508083,13465434.782608695,6.23673957705524
152,2001-09-01,214.8,0.09146341463414642,15.0762,180677.8929904604,2168134.7158855246,13519418.47826087,6.235506668108109
153,2001-10-01,215.2,0.09127789046653145,15.2265,181014.35089174614,2172172.210700954,13654198.369565217,6.285964944353581
154,2001-11-01,215.9,0.09371833839918953,15.3168,181603.15221899626,2179237.826627955,13735173.913043479,6.302742062024781
155,2001-12-01,217.0,0.09595959595959602,15.437,182528.41144753213,2190340.9373703855,13842961.956521736,6.320003301924726
156,2002-01-01,224.6,0.09990205680705189,15.5373,188921.1115719618,2267053.338863542,13932904.891304346,6.145821385168121
157,2002-02-01,224.8,0.09765625,15.6576,189089.34052260473,2269072.0862712567,14040782.608695652,6.18789623020251
158,2002-03-01,225.0,0.08695652173913038,15.6977,189257.5694732476,2271090.833678971,14076741.847826086,6.198229343836054
159,2002-04-01,225.4,0.08001916626736949,15.437,189594.02737453338,2275128.3284944007,13842961.956521736,6.084475228561071
160,2002-05-01,225.8,0.07523809523809533,15.828,189930.48527581914,2279165.8233098295,14193586.956521736,6.227535886752485
161,2002-06-01,226.3,0.06896551724137945,15.6375,190351.05765242636,2284212.691829116,14022758.15217391,6.138989684426009
162,2002-07-01,226.5,0.06638418079096042,15.838,190519.28660306925,2286231.439236831,14202554.347826086,6.212211985225369
163,2002-08-01,226.7,0.05984104721832617,15.9282,190687.51555371212,2288250.1866445453,14283440.217391305,6.242079778145379
164,2002-09-01,227.2,0.05772811918063314,16.0986,191108.08793031934,2293297.055163832,14436244.56521739,6.294973663665248
165,2002-10-01,227.9,0.05901486988847582,16.4094,191696.88925756945,2300362.6710908334,14714951.086956521,6.396796153877198
166,2002-11-01,228.1,0.05650764242704942,16.4796,191865.11820821234,2302381.418498548,14777902.173913043,6.418529117364991
167,2002-12-01,228.7,0.053917050691244084,16.5998,192369.805060141,2308437.660721692,14885690.217391303,6.448383021414387
168,2003-01-01,237.0,0.05520926090828149,16.9407,199351.3065118208,2392215.6781418496,15191388.58695652,6.35034237329153
169,2003-02-01,237.5,0.056494661921708156,17.0609,199771.878888428,2397262.546661136,15299176.630434781,6.381936201248878
170,2003-03-01,237.8,0.05688888888888899,17.3917,200024.22231439236,2400290.6677727085,15595817.934782607,6.497470553953521
171,2003-04-01,238.0,0.05590062111801242,17.2213,200192.45126503523,2402309.415180423,15443013.58695652,6.428403222903195
172,2003-05-01,238.5,0.056244464127546356,17.6323,200613.02364164244,2407356.2836997095,15811573.369565215,6.568023801306816
173,2003-06-01,239.0,0.056120194432169646,17.9531,201033.59601824966,2412403.152218996,16099247.282608693,6.673531025608284
174,2003-07-01,239.3,0.05651214128035331,18.0433,201285.93944421402,2415431.2733305683,16180133.15217391,6.698651843595448
175,2003-08-01,239.6,0.05690339655932952,18.3039,201538.28287017831,2418459.3944421397,16413823.369565215,6.7868922700483685
176,2003-09-01,239.9,0.05589788732394374,18.1235,201790.62629614267,2421487.515553712,16252051.630434781,6.711598356813535
177,2003-10-01,240.4,0.05484861781483108,18.4443,202211.1986727499,2426534.3840729985,16539725.54347826,6.816192530400462
178,2003-11-01,240.7,0.05523893029373084,18.5646,202463.54209871418,2429562.5051845703,16647603.260869563,6.852099184665705
179,2003-12-01,241.0,0.05378224748578919,18.1034,202715.88552467854,2432590.6262961426,16234027.173913041,6.673554932928003
180,2004-01-01,244.9,0.03333333333333344,18.354,205996.35006221483,2471956.200746578,16458749.999999996,6.658188359093554
181,2004-02-01,245.4,0.03326315789473688,18.6347,206416.92243882205,2477003.069265865,16710464.673913041,6.746243022971181
182,2004-03-01,246.8,0.037846930193439876,19.0758,207594.52509332227,2491134.3011198672,17106016.304347824,6.86675796509966
183,2004-04-01,247.5,0.0399159663865547,19.5369,208183.32642057235,2498199.9170468682,17519502.717391305,7.0128505720635745
184,2004-05-01,249.5,0.04612159329140453,19.6472,209865.61592700123,2518387.3911240147,17618413.043478258,6.995910599605866
185,2004-06-01,251.1,0.05062761506276159,19.7273,211211.44753214432,2534537.3703857316,17690241.847826086,6.9796729196120735
186,2004-07-01,251.4,0.05056414542415366,20.3087,211463.79095810864,2537565.491497304,18211605.97826087,7.176802348267676
187,2004-08-01,252.0,0.05175292153589317,20.0481,211968.47781003732,2543621.733720448,17977915.760869566,7.0678417008860945
188,2004-09-01,252.5,0.052521884118382545,20.7197,212389.0501866445,2548668.602239734,18580165.760869563,7.290145821446372
189,2004-10-01,253.2,0.0532445923460898,20.9804,212977.85151389462,2555734.2181667355,18813945.65217391,7.361464082782998
190,2004-11-01,253.8,0.05442459493145013,21.7823,213482.5383658233,2561790.4603898795,19533040.760869563,7.624761299913977
191,2004-12-01,255.5,0.06016597510373445,22.3236,214912.48444628782,2578949.813355454,20018445.65217391,7.762247077669204
192,2005-01-01,261.1,0.06614944875459372,23.4663,219622.89506428866,2635474.740771464,21043149.45652174,7.984576414631818
193,2005-02-01,261.9,0.06723716381418088,24.6291,220295.81086686018,2643549.730402322,22085877.717391305,8.354629180374848
194,2005-03-01,262.9,0.06523500810372762,25.2205,221136.95562007462,2653643.4674408953,22616209.239130434,8.522700775979118
195,2005-04-01,264.2,0.06747474747474747,26.2029,222230.44379925338,2666765.325591041,23497165.760869563,8.811111174794444
196,2005-05-01,265.9,0.06573146292585164,27.2053,223660.38987971793,2683924.678556615,24396057.06521739,9.089695124505997
197,2005-06-01,267.0,0.06332138590203118,27.3857,224585.64910825383,2695027.7892990457,24557828.80434782,9.112272942734705
198,2005-07-01,268.0,0.06603023070803493,28.3079,225426.79386146824,2705121.526337619,25384801.63043478,9.383978273538967
199,2005-08-01,268.9,0.06706349206349205,28.1375,226183.8241393612,2714205.8896723343,25231997.28260869,9.296272393563616
200,2005-09-01,269.8,0.06851485148514858,28.3982,226940.85441725425,2723290.253007051,25465777.17391304,9.351106495458493
201,2005-10-01,270.6,0.06872037914691953,28.6287,227613.7702198258,2731365.2426379095,25672475.543478254,9.399136791637643
202,2005-11-01,272.3,0.07289204097714741,29.5108,229043.7163002903,2748524.5956034837,26463489.13043478,9.62825261697332
203,2005-12-01,273.9,0.07201565557729928,29.2402,230389.5479054334,2764674.5748652006,26220831.52173913,9.484237949783873
204,2006-01-01,282.8,0.08310991957104563,29.4006,237875.73620904188,2854508.8345085024,26364668.478260867,9.236148846181592
205,2006-02-01,284.4,0.08591065292096212,29.982,239221.56781418493,2870658.813770219,26886032.60869565,9.365805674894714
206,2006-03-01,285.4,0.08558387219475083,30.4932,240062.71256739937,2880752.5508087925,27344445.65217391,9.492118871680512
207,2006-04-01,286.4,0.08402725208175621,30.844,240903.8573206138,2890846.2878473657,27659021.739130434,9.567793990086686
208,2006-05-01,289.1,0.08725084618277568,30.7839,243174.94815429283,2918099.377851514,27605127.7173913,9.459968336553333
209,2006-06-01,290.4,0.08764044943820215,30.9743,244268.43633347156,2931221.2360016587,27775866.847826086,9.475868456013863
210,2006-07-01,295.4,0.10223880597014912,30.433,248474.16009954372,2981689.9211945245,27290461.95652174,9.152682766418796
211,2006-08-01,297.4,0.10598735589438446,31.1748,250156.4496059726,3001877.395271671,27955663.043478258,9.312726458286368
212,2006-09-01,298.9,0.10785767234988874,31.3853,251418.16673579422,3017018.000829531,28144426.63043478,9.328557742345739
213,2006-10-01,300.4,0.11012564671101233,30.6836,252679.88386561588,3032158.6063873908,27515184.78260869,9.074454325920355
214,2006-11-01,301.0,0.1053984575835476,30.9142,253184.57071754456,3038214.848610535,27721972.826086957,9.124428063000558
215,2006-12-01,300.8,0.09821102592186937,30.7037,253016.3417669017,3036196.1012028204,27533209.239130434,9.068323758212742
216,2007-01-01,311.5,0.10148514851485135,31.4154,262016.59062629612,3144199.0875155535,28171418.47826087,8.959807472153754
217,2007-02-01,312.3,0.09810126582278489,31.4956,262689.5064288677,3152274.0771464123,28243336.95652174,8.95967046814944
218,2007-03-01,313.2,0.09740714786264904,32.2574,263446.53670676064,3161358.4404811277,28926472.826086953,9.15001363201467
219,2007-04-01,314.6,0.0984636871508382,32.4779,264624.13936126087,3175489.67233513,29124203.80434782,9.171563068863968
220,2007-05-01,316.9,0.0961604980975439,33.6508,266558.77229365404,3198705.2675238485,30175989.130434778,9.43381356100818
221,2007-06-01,319.0,0.09848484848484862,33.8212,268325.17627540434,3219902.115304852,30328793.478260864,9.419166295180812
222,2007-07-01,319.8,0.08259986459038604,34.2923,268998.0920779759,3227977.1049357112,30751247.282608688,9.52647626762555
223,2007-08-01,321.1,0.07969065232010775,34.5529,270091.5802571547,3241098.9630858563,30984937.499999996,9.560009692051853
224,2007-09-01,323.1,0.08096353295416536,34.8336,271773.8697635836,3261286.437163003,31236652.17391304,9.578015539501598
225,2007-10-01,324.6,0.0805592543275635,35.816,273035.58689340524,3276427.0427208627,32117608.695652172,9.802632036933915
226,2007-11-01,325.9,0.08272425249169424,35.2747,274129.0750725839,3289548.900871007,31632203.80434782,9.615970079050124
227,2007-12-01,326.6,0.0857712765957448,35.2947,274717.87639983406,3296614.5167980087,31650138.58695652,9.600800586687399
228,2008-01-01,330.9,0.06227929373996788,35.826,278334.7988386561,3340017.586063873,32126576.08695652,9.618684710225399
229,2008-02-01,333.5,0.0678834454050592,35.4952,280521.7751970137,3366261.302364164,31829934.782608688,9.455574574752756
230,2008-03-01,337.6,0.07790549169859529,35.3549,283970.4686851929,3407645.6242223145,31704122.282608695,9.303820226272544
231,2008-04-01,340.5,0.08232676414494589,34.7534,286409.7884695147,3436917.4616341763,31164733.695652172,9.067641002014069
232,2008-05-01,342.0,0.07920479646576206,34.9338,287671.50559933635,3452058.067192036,31326505.434782606,9.074733050555006
233,2008-06-01,346.2,0.08526645768025065,34.9138,291204.31356283696,3494451.7627540436,31308570.65217391,8.959508609012543
234,2008-07-01,348.8,0.09068167604752975,35.1844,293391.2899211945,3520695.4790543336,31551228.260869555,8.961646483933988
235,2008-08-01,350.4,0.09124883213952018,35.0942,294737.1215263376,3536845.458316051,31470342.391304348,8.897856228721931
236,2008-09-01,352.2,0.09006499535747436,35.0241,296251.1820821236,3555014.184985483,31407480.978260864,8.834699200613489
237,2008-10-01,353.3,0.08841651263093042,34.9539,297176.44131065946,3566117.2957279133,31344529.89130434,8.78953979692536
238,2008-11-01,351.3,0.07793801779687026,34.8536,295494.1518042306,3545929.821650767,31254586.95652174,8.814214755657947
239,2008-12-01,353.6,0.0826699326393141,34.4026,297428.7847366238,3569145.416839486,30850157.60869565,8.643569820143044
240,2009-01-01,355.7,0.0749471139317015,33.8412,299195.18871837406,3590342.2646204885,30346728.260869563,8.45232181898327
241,2009-02-01,355.7,0.06656671664167924,33.6307,299195.18871837406,3590342.2646204885,30157964.67391304,8.399746445092983
242,2009-03-01,356.1,0.054798578199052095,32.3376,299531.6466196599,3594379.759435919,28998391.304347824,8.067703816832827
243,2009-04-01,355.4,0.043759177679882466,31.4956,298942.84529240977,3587314.143508917,28243336.95652174,7.873115045591081
244,2009-05-01,356.0,0.040935672514619936,31.2751,299447.5321443384,3593370.385732061,28045605.978260867,7.804819144060281
245,2009-06-01,356.7,0.030329289428076223,31.1447,300036.3334715885,3600436.0016590618,27928671.195652172,7.757024755552602
246,2009-07-01,358.0,0.026376146788990695,31.245,301129.8216507673,3613557.8598092077,28018614.13043478,7.753747198035494
247,2009-08-01,358.1,0.021974885844749048,31.4856,301213.9361260887,3614567.2335130647,28234369.56521739,7.811272481927493
248,2009-09-01,359.0,0.01930721181147077,31.4655,301970.9664039817,3623651.596847781,28216345.10869565,7.786715790569127
249,2009-10-01,360.1,0.019247098782904093,31.4455,302896.2256325176,3634754.707590211,28198410.326086953,7.757995406733261
250,2009-11-01,365.4,0.04013663535439793,30.9743,307354.2928245541,3688251.513894649,27775866.847826086,7.530903666191642
251,2009-12-01,366.5,0.03648190045248856,30.2827,308279.55205308995,3699354.6246370794,27155682.06521739,7.340653930381563
252,2010-01-01,366.9,0.03148720832161933,30.403,308616.00995437574,3703392.119452509,27263559.78260869,7.361780471315362
253,2010-02-01,368.6,0.03626651672757952,30.2827,310045.9560348403,3720551.472418084,27155682.06521739,7.298832516236686
254,2010-03-01,369.0,0.036225779275484316,30.423,310382.41393612605,3724588.9672335126,27281494.56521739,7.324699397764978
255,2010-04-01,369.5,0.039673607203151384,30.3729,310802.98631273326,3729635.835752799,27236567.93478261,7.302741912143042
256,2010-05-01,370.1,0.03960674157303368,30.9643,311307.673164662,3735692.0779759437,27766899.45652174,7.4328662204852485
257,2010-06-01,378.3,0.060555088309503846,30.7438,318205.0601410203,3818460.7216922436,27569168.478260867,7.2199691152101
258,2010-07-01,379.5,0.0600558659217878,30.3528,319214.43384487764,3830573.2061385317,27218543.478260867,7.105605875027497
259,2010-08-01,379.5,0.059759843619100694,30.3528,319214.43384487764,3830573.2061385317,27218543.478260867,7.105605875027497
260,2010-09-01,380.7,0.06044568245125337,30.4631,320223.80754873494,3842685.6905848193,27317453.804347824,7.108948273151733
261,2010-10-01,381.8,0.06026103860038878,30.7237,321149.0667772708,3853788.80132725,27551144.02173913,7.1491058389734485
262,2010-11-01,382.4,0.046524356869184436,30.7037,321653.75362919946,3859845.0435503935,27533209.239130434,7.133242119430944
263,2010-12-01,383.1,0.04529331514324708,30.3328,322242.5549564496,3866910.659477395,27200608.695652172,7.0341963109456165
264,2011-01-01,383.2,0.04442627418915235,30.5634,322326.66943177104,3867920.0331812524,27407396.739130434,7.085823001513463
265,2011-02-01,383.9,0.04150841020075946,30.8841,322915.4707590211,3874985.6491082534,27694980.978260867,7.147118334395454
266,2011-03-01,385.2,0.04390243902439028,30.9944,324008.95893819985,3888107.5072583985,27793891.30434782,7.148436932996739
267,2011-04-01,385.6,0.043572395128552266,31.2049,324345.4168394857,3892145.002073828,27982654.891304344,7.189520142850411
268,2011-05-01,389.9,0.053499054309645855,32.0369,327962.3392783077,3935548.071339692,28728741.847826086,7.299807123953283
269,2011-06-01,405.0,0.070578905630452,32.1973,340663.6250518457,4087963.500622148,28872578.80434782,7.062826955268484
270,2011-07-01,409.1,0.07799736495388676,32.1572,344112.31854002486,4129347.8224802986,28836619.56521739,6.9833350942804895
271,2011-08-01,409.7,0.07957839262187094,32.2574,344617.0053919535,4135404.064703442,28926472.826086953,6.9948359032145335
272,2011-09-01,412.8,0.0843183609141056,32.6885,347224.55412691826,4166694.649523019,29313057.065217387,7.035086448816927
273,2011-10-01,415.7,0.08878994237820836,33.0293,349663.8739112401,4195966.486934881,29618665.760869563,7.058842307986534
274,2011-11-01,416.9,0.09021966527196645,33.0293,350673.24761509744,4208078.971381169,29618665.760869563,7.038524220268655
275,2011-12-01,418.2,0.09162098668754881,33.33,351766.7357942762,4221200.829531314,29888315.2173913,7.080524339968408
276,2012-01-01,418.2,0.09133611691022958,33.3801,351766.7357942762,4221200.829531314,29933241.847826082,7.091167432360619
277,2012-02-01,427.1,0.11252930450638199,33.2999,359252.9240978847,4311035.089174616,29861323.369565215,6.926717772385939
278,2012-03-01,431.7,0.12071651090342672,33.7009,363122.189962671,4357466.279552052,30220915.76086956,6.935433075566169
279,2012-04-01,431.4,0.1187759336099583,33.6107,362869.8465367067,4354438.158440481,30140029.891304344,6.921680546290922
280,2012-05-01,432.9,0.11028468838163641,33.7209,364131.5636665284,4369578.763998341,30238850.543478258,6.920312500742861
281,2012-06-01,433.1,0.06938271604938273,34.2121,364299.7926171713,4371597.511406056,30679328.80434782,7.017875896466117
282,2012-07-01,433.5,0.059643119041798975,34.5128,364636.25051845703,4375635.006221484,30948978.26086956,7.073025564715714
283,2012-08-01,433.7,0.05857944837686113,34.4326,364804.4794690999,4377653.753629198,30877059.78260869,7.053335307071908
284,2012-09-01,436.3,0.056928294573643345,34.6632,366991.4558274575,4403897.46992949,31083847.826086957,7.05825874429012
285,2012-10-01,436.8,0.05075775799855675,34.9639,367412.0282040647,4408944.338448776,31353497.282608695,7.111338877469244
286,2012-11-01,437.7,0.04989206044615013,35.1043,368169.05848195765,4418028.701783491,31479399.456521742,7.125213886413636
287,2012-12-01,437.7,0.046628407460545196,35.2546,368169.05848195765,4418028.701783491,31614179.34782609,7.1557206803712985
288,2013-01-01,439.2,0.050215208034433356,35.1544,369430.7756117793,4433169.307341352,31524326.08695652,7.111013340896335
289,2013-02-01,449.4,0.052212596581596715,35.2346,378010.45209456654,4536125.4251347985,31596244.565217387,6.965469779592449
290,2013-03-01,455.3,0.05466759323604364,35.2346,382973.2061385317,4595678.47366238,31596244.565217387,6.875207816711721
291,2013-04-01,456.4,0.05795085767269348,35.4651,383898.46536706755,4606781.58440481,31802942.93478261,6.903505701777591
292,2013-05-01,456.5,0.05451605451605457,35.9262,383982.57984238904,4607790.958108668,32216429.34782609,6.9917297986646885
293,2013-06-01,457.8,0.057030708843223143,36.5778,385076.0680215678,4620912.816258813,32800744.56521739,7.098325778795704
294,2013-07-01,457.5,0.05536332179930792,36.8184,384823.7245956035,4617884.6951472415,33016499.999999993,7.149702121123936
295,2013-08-01,458.6,0.057412958266082725,36.7682,385748.98382413934,4628987.805889672,32971483.695652172,7.1228279438759925
296,2013-09-01,462.0,0.0589044235617695,37.099,388608.8759850684,4663306.511820821,33268124.999999993,7.134020660162486
297,2013-10-01,463.1,0.06021062271062272,37.7105,389534.1352136043,4674409.622563252,33816480.97826087,7.234385453732939
298,2013-11-01,464.2,0.06054375142791857,37.8408,390459.3944421401,4685512.7333056815,33933326.086956516,7.242179889033441
299,2013-12-01,463.8,0.059629883481836954,37.6604,390122.9365408544,4681475.238490253,33771554.347826086,7.213870121572448
300,2014-01-01,468.5,0.06671220400728606,37.7706,394076.31688096223,4728915.802571546,33870375.0,7.162397558776911
301,2014-02-01,470.5,0.046951490876724566,38.3119,395758.6063873911,4749103.276648693,34355779.89130435,7.23416145953942
302,2014-03-01,475.3,0.04392708104546461,39.1439,399796.10120282037,4797553.214433844,35101866.847826086,7.316618550935329
303,2014-04-01,478.4,0.048203330411919376,39.4346,402403.6499377851,4828843.799253421,35362548.913043484,7.323191716930422
304,2014-05-01,480.4,0.05235487404162087,39.3845,404085.939444214,4849031.273330567,35317622.282608695,7.283438751334494
305,2014-06-01,482.7,0.05439056356487537,39.0638,406020.57237660716,4872246.868519286,35030038.04347826,7.189709181161455
306,2014-07-01,484.7,0.05945355191256829,39.174,407702.86188303604,4892434.342596432,35128858.69565217,7.180241212395947
307,2014-08-01,487.4,0.06279982555604002,40.1764,409973.952716715,4919687.43260058,36027750.0,7.3231786558756005
308,2014-09-01,490.6,0.06190476190476191,40.2165,412665.6159270012,4951987.391124015,36063709.23913044,7.282673882363138
309,2014-10-01,493.8,0.06629237745627292,40.2065,415357.2791372874,4984287.349647449,36054741.84782608,7.233680427830133
310,2014-11-01,494.7,0.06570443774235235,40.4671,416114.30941518035,4993371.712982165,36288432.06521739,7.267320390122738
311,2014-12-01,494.6,0.06640793445450632,41.2891,416030.194939859,4992362.339278308,37025551.63043478,7.416439175323794
312,2015-01-01,498.1,0.06318036286019213,41.7101,418974.20157610945,5027690.418913313,37403078.80434782,7.439415653685402
313,2015-02-01,500.8,0.06439957492029769,42.4519,421245.2924097884,5054943.508917461,38068279.89130435,7.530901151347751
314,2015-03-01,502.1,0.0563854407742479,42.5922,422338.7805889672,5068065.367067606,38194092.391304344,7.5362272632650615
315,2015-04-01,503.2,0.05183946488294322,42.492,423264.0398175031,5079168.477810036,38104239.13043478,7.5020624531171345
316,2015-05-01,505.7,0.05266444629475431,42.9531,425366.90170053917,5104402.82040647,38517725.54347826,7.5459807735963595
317,2015-06-01,517.1,0.07126579656101106,42.9531,434955.9518871837,5219471.422646204,38517725.54347826,7.379621885916999
318,2015-07-01,523.0,0.07901794924695693,43.334,439918.70593114884,5279024.471173786,38859293.47826087,7.361074700534688
319,2015-08-01,524.7,0.0765285186704967,43.4342,441348.6520116134,5296183.824139361,38949146.73913043,7.354190872606226
320,2015-09-01,531.0,0.08234814512841404,43.9555,446647.86395686434,5359774.367482372,39416616.84782608,7.354156004582169
321,2015-10-01,532.9,0.07918185500202513,44.2261,448246.0389879717,5378952.46785566,39659274.45652174,7.373047948187589
322,2015-11-01,537.6,0.08671922377198316,44.3565,452199.4193280796,5426393.031936956,39776209.23913043,7.330137902844144
323,2015-12-01,542.7,0.09725030327537398,44.9579,456489.25756947324,5477871.090833679,40315508.152173914,7.359703703074598
324,2016-01-01,545.0,0.0941577996386267,45.2486,458423.8905018664,5501086.686022397,40576190.217391305,7.376031779410157
325,2016-02-01,564.0,0.12619808306709257,45.429,474405.64081294066,5692867.689755288,40737961.95652174,7.155965003337869
326,2016-03-01,568.8,0.13284206333399706,45.7598,478443.13562836987,5741317.627540438,41034603.26086956,7.147244922320846
327,2016-04-01,570.4,0.1335453100158983,46.0906,479788.967233513,5757467.606802156,41331244.56521739,7.178719428032321
328,2016-05-01,573.1,0.1332806011469252,46.6219,482060.05806719203,5784720.696806304,41807682.06521738,7.227260270024628
329,2016-06-01,581.6,0.12473409398568935,47.6443,489209.7884695147,5870517.461634176,42724508.152173914,7.277809568133146
330,2016-07-01,581.9,0.11261950286806877,48.6969,489462.131895479,5873545.582745748,43668415.76086956,7.434762384265959
331,2016-08-01,583.4,0.11187345149609285,49.1379,490723.84902530065,5888686.1883036075,44063877.717391305,7.482802837229313
332,2016-09-01,586.7,0.10489642184557457,49.2983,493499.6267109083,5921995.5205309,44207714.67391304,7.46500305862269
333,2016-10-01,588.3,0.10395946706699188,50.2606,494845.45831605134,5938145.499792616,45070646.73913043,7.590020611772561
334,2016-11-01,589.9,0.09728422619047605,50.9423,496191.28992119443,5954295.479054334,45681953.80434782,7.672100581008295
335,2016-12-01,592.2,0.09121061359867322,51.6941,498125.9228535877,5977511.074243053,46356122.28260869,7.755087645484434
336,2017-01-01,592.4,0.08697247706422018,52.6063,498294.1518042305,5979529.821650766,47174127.7173913,7.889270414971851
337,2017-02-01,595.1,0.055141843971631355,53.8994,500565.24263790954,6006782.911654915,48333701.086956516,8.046520375020547
338,2017-03-01,597.3,0.05010548523206748,55.3428,502415.7610949812,6028989.133139774,49628054.34782608,8.231571371564375
339,2017-04-01,598.4,0.04908835904628339,56.5557,503341.02032351715,6040092.243882205,50715709.23913043,8.396512369574912
340,2017-05-01,617.8,0.07799685918687826,57.5982,519659.22853587713,6235910.742430526,51650559.78260869,8.282761238252942
341,2017-06-01,623.8,0.07255845942228323,57.7386,524706.0970551637,6296473.164661964,51776461.956521735,8.223089434750483
342,2017-07-01,623.9,0.0721773500601477,57.9391,524790.2115304852,6297482.538365822,51956258.152173914,8.250321908102727
343,2017-08-01,625.2,0.07164895440521102,58.5004,525883.699709664,6310604.396515967,52459597.826086946,8.3129276579355
344,2017-09-01,630.0,0.07380262485086075,58.9816,529921.1945250933,6359054.33430112,52891108.69565217,8.317448776991
345,2017-10-01,630.7,0.07207207207207222,59.0818,530509.9958523434,6366119.950228121,52980961.956521735,8.32233171393876
346,2017-11-01,631.6,0.07068994744872015,58.6508,531267.0261302363,6375204.3135628365,52594467.391304344,8.249848131049385
347,2017-12-01,632.8,0.06855791962174917,58.7711,532276.3998340936,6387316.798009124,52702345.10869564,8.251093029411434
348,2018-01-01,635.6,0.072923700202566,59.3524,534631.6051430941,6415579.2617171295,53223619.56521739,8.295995948925755
349,2018-02-01,638.1,0.07225676356914801,59.6331,536734.4670261302,6440813.604313562,53475334.23913043,8.302574414405777
350,2018-03-01,640.0,0.071488364306044,59.603,538332.6420572376,6459991.70468685,53448342.391304344,8.273747836630584
351,2018-04-01,641.9,0.07269385026737973,60.0241,539930.8170883451,6479169.805060141,53825959.23913043,8.307539524136736
352,2018-05-01,656.5,0.0626416315959859,60.2346,552211.5304852758,6626538.36582331,54014722.826086946,8.151272933794585
353,2018-06-01,660.9,0.05947419044565572,60.7458,555912.5673994193,6670950.808793031,54473135.86956522,8.165722912806338
354,2018-07-01,663.4,0.06331142811347967,60.9362,558015.4292824554,6696185.151389465,54643874.99999999,8.160448638231179
355,2018-08-01,662.8,0.0601407549584132,60.8962,557510.7424305266,6690128.909166319,54608005.43478261,8.162474322424904
356,2018-09-01,667.0,0.058730158730158744,61.2771,561043.5503940274,6732522.604728328,54949573.36956521,8.161810452886336
357,2018-10-01,669.6,0.061677501189154826,61.5277,563230.5267523848,6758766.321028618,55174296.19565217,8.163367924703628
358,2018-11-01,670.6,0.061747941735275536,62.1391,564071.6715055993,6768860.058067191,55722562.49999999,8.232193016546312
359,2018-12-01,670.7,0.05989254108723152,62.2294,564155.7859809208,6769869.431771049,55803538.04347825,8.242926781067862
360,2019-01-01,672.6,0.05821271239773451,62.4499,565753.9610120282,6789047.532144338,56001269.021739125,8.248766672583743
361,2019-02-01,674.0,0.05626077417332698,61.8184,566931.5636665283,6803178.76399834,55434978.260869555,8.148393594215877
362,2019-03-01,675.3,0.05515625000000002,62.1692,568025.0518457071,6816300.622148486,55749554.34782608,8.178857922826461
363,2019-04-01,685.4,0.06776756504128367,62.3797,576520.6138531729,6918247.366238074,55938317.9347826,8.085619807087081
364,2019-05-01,690.0,0.051028179741051005,62.5601,580389.8797179593,6964678.556615512,56100089.67391304,8.054943127364503
365,2019-06-01,689.3,0.04297170525041616,62.6604,579801.0783907091,6957612.9406885095,56190032.60869565,8.076050376429134
366,2019-07-01,691.3,0.0420560747663552,62.7205,581483.367897138,6977800.414765656,56243926.63043478,8.06040919591474
367,2019-08-01,691.5,0.0433011466505735,63.0714,581651.596847781,6979819.162173372,56558592.391304344,8.103160135984549
368,2019-09-01,695.2,0.042278860569715304,63.4423,584763.8324346744,7017165.989216093,56891192.93478261,8.107431550317093
369,2019-10-01,697.6,0.041816009557944955,63.7731,586782.579842389,7041390.958108667,57187834.23913043,8.12166723582853
370,2019-11-01,698.7,0.041902773635550394,63.6127,587707.8390709249,7052494.068851098,57043997.28260869,8.088485679776198
371,2019-12-01,700.7,0.04472938720739528,63.6528,589390.1285773538,7072681.542928245,57079956.521739125,8.070483051624402
372,2020-01-01,705.6,0.04906333630686888,63.9836,593511.7378681045,7122140.854417253,57376597.82608695,8.056088611404135
373,2020-02-01,706.6,0.04836795252225512,64.3344,594352.8826213189,7132234.591455827,57691173.91304348,8.088793655519343
374,2020-03-01,708.7,0.04945949948171191,64.4246,596119.2866030693,7153431.439236831,57772059.78260869,8.076132451025789
375,2020-04-01,732.1,0.0681353953895536,64.3945,615802.073828287,7389624.8859394435,57745067.9347826,7.814343600127338
376,2020-05-01,734.5,0.06449275362318851,64.9358,617820.8212360016,7413849.854832019,58230472.826086946,7.8542827230490655
377,2020-06-01,735.7,0.06731466705353273,65.0561,618830.194939859,7425962.339278308,58338350.54347826,7.855998708060762
378,2020-07-01,734.6,0.0626356140604658,65.818,617904.935711323,7414859.228535877,59021576.08695651,7.959905140183058
379,2020-08-01,736.1,0.06449746926970357,66.3292,619166.6528411447,7429999.8340937365,59479989.13043478,8.005382295905498
380,2020-09-01,742.0,0.06731875719217495,66.9908,624129.4068851098,7489552.882621318,60073271.73913042,8.020942328683443
381,2020-10-01,747.1,0.07095756880733939,67.6223,628419.2451265035,7541030.941518042,60639562.49999999,8.04128281269099
382,2020-11-01,749.7,0.07299270072992692,68.1736,630606.221484861,7567274.657818332,61133934.78260868,8.078725505152178
383,2020-12-01,751.2,0.07207078635650066,68.5746,631867.9386146826,7582415.263376191,61493527.17391305,8.110018383051745
384,2021-01-01,778.6,0.10345804988662133,68.6347,654915.3048527582,7858983.658233099,61547421.195652165,7.831473365029188
385,2021-02-01,781.2,0.10557599773563542,69.0557,657102.2812111157,7885227.374533388,61924948.36956522,7.8532863325618
386,2021-03-01,783.9,0.1061097784676166,71.3412,659373.3720447946,7912480.464537535,63974445.652173914,8.085257959106135
387,2021-04-01,786.2,0.07389700860538184,73.2358,661308.0049771878,7935696.059726254,65673407.60869564,8.275695933213585
388,2021-05-01,789.3,0.07460857726344439,74.3986,663915.5537121525,7966986.644545831,66716135.86956522,8.374074018969122
389,2021-06-01,792.7,0.07747723256762273,75.4711,666775.4458730817,8001305.35047698,67677888.58695652,8.458355933500531
390,2021-07-01,791.6,0.07759324802613676,75.9623,665850.1866445458,7990202.239734549,68118366.84782608,8.525236884378174
391,2021-08-01,793.9,0.07852193995381063,77.1852,667784.819576939,8013417.834923267,69214989.13043477,8.637386762585747
392,2021-09-01,799.5,0.07749326145552571,78.1375,672495.2301949398,8069942.762339277,70068953.80434783,8.682707655789688
393,2021-10-01,803.8,0.07589345469147357,79.2101,676112.1526337619,8113345.831605142,71030796.19565216,8.754809380731087
394,2021-11-01,805.9,0.07496331866079764,79.7414,677878.5566155121,8134542.679386145,71507233.69565216,8.790565925342012
395,2021-12-01,806.0,0.07294994675186373,81.2149,677962.6710908336,8135552.053090003,72828578.80434783,8.951891442534185
396,2022-01-01,835.4,0.07295145132288727,82.5682,702692.3268353379,8432307.922024054,74042135.86956522,8.78076756141425
397,2022-02-01,838.0,0.0727086533538146,84.603,704879.3031936955,8458551.638324346,75866820.65217389,8.96924484192228
398,2022-03-01,839.7,0.07118254879448926,87.1993,706309.24927416,8475710.991289921,78195024.45652172,9.22577758218502
399,2022-04-01,853.0,0.08496565759348762,89.575,717496.474491912,8609957.693902945,80325407.60869564,9.329361474746534
400,2022-05-01,856.8,0.08551881413911055,92.2715,720692.8245541268,8648313.894649522,82743464.67391303,9.56758342514651
401,2022-06-01,856.7,0.08073672259366727,94.3264,720608.7100788055,8647304.520945664,84586173.91304348,9.781796594321069
402,2022-07-01,855.8,0.08110156644770083,95.3288,719851.6798009124,8638220.15761095,85485065.2173913,9.89614337880382
403,2022-08-01,857.5,0.08011084519460887,94.9178,721281.6258813769,8655379.510576524,85116505.43478261,9.833942616932474
404,2022-09-01,864.5,0.08130081300813008,95.6997,727169.639153878,8726035.669846535,85817665.76086956,9.834668228256147
405,2022-10-01,867.4,0.07912416023886548,96.251,729608.9589381998,8755307.507258397,86312038.04347825,9.858253176364524
406,2022-11-01,870.5,0.08015882863878887,95.9603,732216.5076731646,8786598.092077974,86051355.97826086,9.793478098861156
407,2022-12-01,905.6,0.12357320099255586,95.3188,761740.6885109913,9140888.262131896,85476097.82608695,9.350961895048007
408,2023-01-01,907.0,0.08570744553507303,94.8677,762918.2911654914,9155019.493985897,85071578.80434783,9.29234272632985
409,2023-02-01,910.8,0.08687350835322194,95.1183,766114.6412277062,9193375.694732474,85296301.63043478,9.278017614281442
410,2023-03-01,919.3,0.09479576039061555,96.5617,773264.3716300289,9279172.459560348,86590654.89130434,9.331721688402272
411,2023-04-01,933.9,0.09484173505275506,97.3035,785545.0850269597,9426541.020323515,87255855.97826086,9.256402299649281
412,2023-05-01,939.1,0.09605508870214763,97.9451,789919.0377436748,9479028.452924099,87831203.80434781,9.265844515663794
413,2023-06-01,949.7,0.10855608731177768,96.8725,798835.1721277478,9586022.065532973,86869361.41304347,9.062086527568788
414,2023-07-01,947.2,0.10680065435849517,96.1307,796732.3102447117,9560787.72293654,86204160.32608695,9.016428648371857
415,2023-08-01,950.0,0.10787172011661816,96.7823,799087.515553712,9589050.186644545,86788475.54347825,9.050789583347438
416,2023-09-01,958.5,0.10873337189126664,98.1455,806237.2459560347,9674846.951472417,88010910.32608695,9.096878820671428
417,2023-10-01,962.1,0.10917685035739,99.0778,809265.3670676068,9711184.404811282,88846940.21739128,9.148929369868952
418,2023-11-01,964.5,0.10798391728891432,99.1881,811284.1144753214,9735409.373703856,88945850.54347825,9.136323613029395
419,2023-12-01,966.3,0.06702738515901063,99.6492,812798.1750311073,9753578.100373287,89359336.95652172,9.161697998102028
420,2024-01-01,970.8,0.07034178610804842,100.0,816583.3264205722,9798999.917046867,89673913.04347825,9.151333177121135
421,2024-02-01,972.4,0.06763285024154597,101.9,817929.1580257154,9815149.896308584,91377717.39130434,9.30986468435606
422,2024-03-01,995.6,0.08299793321005122,102.7,837443.7163002903,10049324.595603485,92095108.69565216,9.16430828952855
423,2024-04-01,1000.2,0.07099261162865411,103.5,841312.9821650767,10095755.78598092,92812499.99999999,9.193219603120795
424,2024-05-01,1002.0,0.06697902246832066,104.9,842827.0427208627,10113924.512650352,94067934.7826087,9.300834178161987
425,2024-06-01,1006.7,0.06001895335369056,106.4,846780.4230609705,10161365.076731646,95413043.47826086,9.389785994083189
426,2024-07-01,1009.2,0.06545608108108114,107.2,848883.2849440066,10186599.419328079,96130434.7826087,9.436950529360228
427,2024-08-01,1010.0,0.06315789473684208,108.7,849556.200746578,10194674.408958936,97475543.47826086,9.561418007876812
428,2024-09-01,1017.1,0.061137193531559664,108.4,855528.3284944006,10266339.941932807,97206521.73913044,9.468469024884998
429,2024-10-01,1020.0,0.06018085438104137,108.6,857967.6482787224,10295611.779344669,97385869.56521738,9.45896869971297
430,2024-11-01,1023.2,0.06086054950751696,109.5,860659.3114890087,10327911.737868104,98192934.78260869,9.50753039673805
431,2024-12-01,1027.8,0.06364483079788896,108.8,864528.577353795,10374342.928245539,97565217.39130434,9.404471981128555
432,2025-01-01,1059.4,0.09126493613514652,110.4,891108.7515553712,10693305.018664455,99000000.0,9.258129252574584
433,2025-02-01,1059.9,0.08998354586589885,110.5,891529.3239319784,10698351.88718374,99089673.91304347,9.262143829064877
434,2025-03-01,1063.9,0.06860184813177983,110.9,894893.9029448362,10738726.835338034,99448369.56521739,9.260722531647017
435,2025-04-01,1082.6,0.08238352329534071,111.4,910623.3098299459,10927479.717959352,99896739.13043478,9.141791310420292
436,2025-05-01,1084.6,0.08243512974051881,110.9,912305.5993363748,10947667.192036498,99448369.56521739,9.08397814993478
437,2025-06-01,1088.8,0.08155359094069725,111.4,915838.4072998754,10990060.887598505,99896739.13043478,9.089734820592403
438,2025-07-01,1086.3,0.07639714625445881,111.7,913735.5454168393,10964826.545002071,100165760.86956522,9.135188820220986
439,2025-08-01,1087.7,0.076930693069307,111.1,914913.1480713396,10978957.776856076,99627717.39130433,9.074423949541195
440,2025-09-01,1096.4,0.07796676826270765,112.8,922231.1074243053,11066773.289091663,101152173.91304347,9.140168617418729
441,2025-10-01,1098.1,0.07656862745098025,112.8,923661.0535047697,11083932.642057236,101152173.91304347,9.12601846110363
